{
  "2582748-_leave__attendance_policy.pdf": {
    "mtime": 1781593698.8588622,
    "size": 228316,
    "hash": "4893c4e41c79805e4bcd5b10cba059c4"
  },
  "attendance_policy.md": {
    "mtime": 1781538745.103555,
    "size": 12810,
    "hash": "22cb9c800a924eb1786ff34ddbac6b3b"
  },
  "compensation_policy.md": {
    "mtime": 1781534204.5631628,
    "size": 11408,
    "hash": "e7ce250c66186aff894f28c32fb4639c"
  },
  "compliance_policy.md": {
    "mtime": 1781534168.679597,
    "size": 13305,
    "hash": "ebfb17d2f63d545615d584c5b9e89b33"
  },
  "leave_policy.md": {
    "mtime": 1781621802.7275324,
    "size": 11244,
    "hash": "ec9f6d83e2714536367f2a0db25f267f"
  }
}